{"title":"What is HTML?","content":"HTML is the standard markup language for creating Web pages."}
{"title":"web browsers","content":"The purpose of a web browser (Chrome, IE, Firefox, Safari) is to read HTML documents and display them"}
{"title":"Why XHTML?","content":"XML is a markup language where documents must be marked up correctly (be &quot;well-formed&quot;)"}
{"title":"What is new in HTML5?","content":"The most interesting new HTML5 elements are new semantic elements."}
{"title":"What is PHP?","content":"PHP scripts are executed on the server"}
